,team,승률,prediction_Rank
0,SSG,0.647,0.45965691861697633
1,키움,0.6,0.45413297978724393
2,LG,0.58,0.44872429306418365
3,KIA,0.544,0.44036026175077553
4,두산,0.46299999999999997,0.4126528774078357
5,KT,0.5,0.40909632468846596
6,삼성,0.457,0.40388377037049006
7,NC,0.40299999999999997,0.40019684020678187
8,롯데,0.46299999999999997,0.3975688455631035
9,한화,0.33799999999999997,0.33552293727101884
