,team,승률,prediction_Rank
0,SSG,0.647,0.4596569186169765
1,키움,0.6,0.45413297978724404
2,LG,0.58,0.4487242930641837
3,KIA,0.544,0.44036026175077553
4,두산,0.463,0.4126528774078359
5,KT,0.5,0.4090963246884661
6,삼성,0.457,0.4038837703704903
7,NC,0.403,0.400196840206782
8,롯데,0.463,0.3975688455631037
9,한화,0.338,0.33552293727101906
